timestamp,topic,ros_stamp_ns,frame_id,child_frame_id,x,y,z,qx,qy,qz,qw,yaw,status
2026-08-26T06:27:54Z,/lio/odom,1787725677981012105,world,,-0.021868346258997917,-0.5702393651008606,0.044376879930496216,-0.019122611731290817,0.026834337040781975,-0.06160508841276169,0.9975565671920776,-0.12441879971932435,ok
2026-08-26T06:28:48Z,/lio/odom,1787725730377562046,world,,-0.007371367886662483,-0.6201649308204651,0.03540899604558945,-0.021708864718675613,0.013472278602421284,-0.03359739109873772,0.9991088509559631,-0.06779371358490313,ok
2026-08-26T06:29:40Z,/lio/odom,1787725784079473733,world,,-0.005375915206968784,-0.620917558670044,0.03649149462580681,-0.02059658244252205,0.01248694397509098,-0.03297441452741623,0.9991658926010132,-0.06647564309538415,ok
2026-08-26T06:30:33Z,/lio/odom,1787725834981871604,world,,-0.0035064248368144035,-0.6222293972969055,0.039852168411016464,-0.02121099643409252,0.011323750950396061,-0.03254677727818489,0.9991809725761414,-0.06558241248759614,ok
2026-08-26T06:32:29Z,/lio/odom,1787725950788130998,world,,-0.0005419188528321683,-0.620225727558136,0.0383157953619957,-0.020279591903090477,0.01186173502355814,-0.03250814229249954,0.999195396900177,-0.06550830991530408,ok
2026-08-26T06:33:20Z,/lio/odom,1787726003982610702,world,,-9.468111966270953e-05,-0.6215208768844604,0.03787814825773239,-0.02074568159878254,0.01215024758130312,-0.0322466604411602,0.9991907477378845,-0.06500813714237202,ok
2026-08-26T06:34:13Z,/lio/odom,1787726055277290344,world,,-0.001622547977603972,-0.6223121881484985,0.03925105184316635,-0.020931942388415337,0.011872696690261364,-0.0323934368789196,0.9991855025291443,-0.06529384694223603,ok
2026-08-26T06:35:05Z,/lio/odom,1787726108074370861,world,,0.00017738447058945894,-0.6192876100540161,0.03734275698661804,-0.02055972069501877,0.012292373925447464,-0.0321960523724556,0.9991945028305054,-0.0649087787224423,ok
2026-08-26T06:36:22Z,/lio/odom,1787726184175575256,world,,-0.002263566479086876,-0.624046266078949,0.0399027056992054,-0.02114715613424778,0.012338702566921711,-0.03226538747549057,0.9991793632507324,-0.06506321647564262,ok
